사용월,호선명,역ID,지하철역,유임승차,유임하차,무임승차,무임하차
Sep-20,1호선,1,서울역,"724,320","711,203","137,054","128,369"
Sep-20,1호선,10,동묘앞,"106,120","112,366","123,144","123,667"
Sep-20,1호선,2,시청,"376,545","376,445","50,389","47,503"
Sep-20,1호선,3,종각,"600,944","591,275","95,352","89,734"
Sep-20,1호선,4,종로3가,"316,661","287,846","226,692","213,457"
Sep-20,1호선,5,종로5가,"295,041","301,544","198,655","190,007"
Sep-20,1호선,6,동대문,"184,244","184,462","94,355","95,369"
Sep-20,1호선,7,신설동,"226,849","227,364","92,148","88,012"
Sep-20,1호선,8,제기동,"202,713","199,630","246,990","268,967"
Sep-20,1호선,9,청량리(서울시립대입구),"278,851","272,423","242,323","252,268"
Sep-20,2호선,11,시청,"431,147","424,000","35,332","31,482"
Sep-20,2호선,12,을지로입구,"727,392","745,838","69,868","65,576"
Sep-20,2호선,13,을지로3가,"363,805","362,930","52,539","51,274"
Sep-20,2호선,14,을지로4가,"207,153","206,706","75,846","73,774"
Sep-20,2호선,15,동대문역사문화공원(DDP),"227,270","257,432","37,587","39,523"
Sep-20,2호선,16,신당,"246,284","250,421","75,735","77,857"
Sep-20,2호선,17,상왕십리,"260,078","248,579","47,392","47,816"
Sep-20,2호선,18,왕십리(성동구청),"315,491","257,021","37,939","32,287"
Sep-20,2호선,19,한양대,"144,842","154,060","10,034","10,448"
Sep-20,2호선,20,뚝섬,"392,526","425,793","43,207","44,047"
Sep-20,2호선,21,성수,"623,188","695,933","77,881","79,334"
Sep-20,2호선,22,건대입구,"685,525","746,414","65,132","67,688"
Sep-20,2호선,23,구의(광진구청),"448,296","433,768","74,006","75,494"
Sep-20,2호선,24,강변(동서울터미널),"611,091","625,203","81,944","80,915"
Sep-20,2호선,25,잠실나루,"246,940","237,997","56,207","56,479"
Sep-20,2호선,26,잠실(송파구청),"1,270,679","1,255,126","118,662","112,801"
Sep-20,2호선,27,잠실새내,"363,411","369,392","70,431","70,938"
Sep-20,2호선,28,종합운동장,"123,812","133,886","24,767","25,195"
Sep-20,2호선,29,삼성(무역센터),"952,461","973,589","76,061","68,815"
Sep-20,2호선,30,선릉,"989,990","884,721","151,019","133,504"
Sep-20,2호선,31,역삼,"888,150","986,847","109,201","109,433"
Sep-20,2호선,32,강남,"1,565,184","1,575,148","120,841","106,900"
Sep-20,2호선,33,교대(법원.검찰청),"603,592","681,203","103,397","113,899"
Sep-20,2호선,34,서초,"395,364","386,735","48,481","48,639"
Sep-20,2호선,35,방배,"314,754","326,891","51,098","50,016"
Sep-20,2호선,36,사당,"688,562","766,018","120,338","116,623"
Sep-20,2호선,37,낙성대(강감찬),"555,860","523,098","77,880","78,956"
Sep-20,2호선,38,서울대입구(관악구청),"944,313","913,854","135,252","129,418"
Sep-20,2호선,39,봉천,"457,479","411,780","105,397","105,909"
Sep-20,2호선,40,신림,"1,313,103","1,249,688","163,147","165,747"
Sep-20,2호선,41,신대방,"529,607","503,697","91,842","93,075"
Sep-20,2호선,42,구로디지털단지,"1,216,483","1,212,858","116,839","118,547"
Sep-20,2호선,43,대림(구로구청),"511,997","523,077","82,645","85,679"
Sep-20,2호선,44,신도림,"970,462","950,750","137,427","129,589"
Sep-20,2호선,45,문래,"394,497","407,917","55,265","54,475"
Sep-20,2호선,46,영등포구청,"421,578","429,591","73,345","73,116"
Sep-20,2호선,47,당산,"378,259","436,689","43,990","48,020"
Sep-20,2호선,48,합정,"613,106","651,066","48,997","48,729"
Sep-20,2호선,49,홍대입구,"1,002,313","1,070,633","68,516","65,912"
Sep-20,2호선,50,신촌,"596,545","626,474","85,443","82,790"
Sep-20,2호선,51,이대,"229,569","236,812","32,021","33,228"
Sep-20,2호선,52,아현,"180,480","170,677","48,276","48,038"
Sep-20,2호선,53,충정로(경기대입구),"183,878","193,758","36,582","36,449"
Sep-20,2호선,54,용답,"46,802","45,319","14,126","13,486"
Sep-20,2호선,55,신답,"26,411","30,856","7,873","8,223"
Sep-20,2호선,56,신설동,"53,257","50,166","24,514","26,510"
Sep-20,2호선,57,도림천,"23,831","24,550","5,416","5,780"
Sep-20,2호선,58,양천구청,"113,528","120,579","32,253","32,888"
Sep-20,2호선,59,신정네거리,"169,032","174,219","50,427","51,796"
Sep-20,2호선,60,용두(동대문구청),"35,128","36,330","20,585","22,149"
Sep-20,3호선,61,지축,"60,451","58,451","12,667","13,217"
Sep-20,3호선,62,구파발,"382,568","365,068","83,550","79,716"
Sep-20,3호선,63,연신내,"684,600","634,595","195,957","188,778"
Sep-20,3호선,64,불광,"279,850","301,833","99,915","110,375"
Sep-20,3호선,65,녹번,"274,743","242,196","54,519","53,825"
Sep-20,3호선,66,홍제,"290,022","272,451","106,288","104,455"
Sep-20,3호선,67,무악재,"65,387","64,784","20,731","22,595"
Sep-20,3호선,68,독립문,"108,542","115,091","53,409","51,762"
Sep-20,3호선,69,경복궁(정부서울청사),"329,665","328,044","50,863","47,450"
Sep-20,3호선,70,안국,"332,167","352,114","45,225","45,713"
Sep-20,3호선,71,종로3가,"159,531","194,302","42,075","47,475"
Sep-20,3호선,72,을지로3가,"171,902","184,168","39,078","38,022"
Sep-20,3호선,73,충무로,17,0,3,0
Sep-20,3호선,74,동대입구,"141,046","148,916","23,978","25,680"
Sep-20,3호선,75,약수,"230,144","225,844","60,179","57,375"
Sep-20,3호선,76,금호,"145,306","132,872","40,224","39,290"
Sep-20,3호선,77,옥수,"164,659","171,191","42,764","42,755"
Sep-20,3호선,78,압구정,"605,612","654,174","90,593","87,743"
Sep-20,3호선,79,신사,"589,589","634,604","52,067","49,201"
Sep-20,3호선,80,잠원,"95,392","94,164","24,392","23,768"
Sep-20,3호선,81,고속터미널,"783,391","820,278","106,977","102,678"
Sep-20,3호선,82,교대(법원.검찰청),"243,449","161,341","44,334","27,546"
Sep-20,3호선,83,남부터미널(예술의전당),"538,176","564,092","78,688","79,395"
Sep-20,3호선,84,양재(서초구청),"708,346","771,600","97,495","98,649"
Sep-20,3호선,85,매봉,"210,489","201,893","40,295","36,383"
Sep-20,3호선,86,도곡,"96,377","99,148","17,333","15,297"
Sep-20,3호선,87,대치,"181,918","178,020","41,721","39,776"
Sep-20,3호선,88,학여울,"27,722","28,496","9,520","9,378"
Sep-20,3호선,89,대청,"168,012","151,548","39,637","37,817"
Sep-20,3호선,90,일원,"157,351","155,392","41,165","40,503"
Sep-20,3호선,91,수서,"282,943","292,806","72,874","71,784"
Sep-20,3호선,92,가락시장,"145,109","143,578","61,059","60,012"
Sep-20,3호선,93,경찰병원,"133,226","131,690","29,704","30,435"
Sep-20,3호선,94,오금,"117,244","104,274","19,913","19,378"
Sep-20,4호선,100,수유(강북구청),"641,952","628,973","144,716","143,489"
Sep-20,4호선,101,미아(서울사이버대학),"268,481","252,299","85,687","87,630"
Sep-20,4호선,102,미아사거리,"508,860","491,777","134,963","134,304"
Sep-20,4호선,103,길음,"366,223","350,871","80,532","80,807"
Sep-20,4호선,104,성신여대입구(돈암),"379,778","362,669","60,558","58,628"
Sep-20,4호선,105,한성대입구(삼선교),"249,926","244,004","52,294","51,667"
Sep-20,4호선,106,혜화,"564,113","571,219","89,247","86,699"
Sep-20,4호선,107,동대문,"343,104","354,475","110,605","106,238"
Sep-20,4호선,108,동대문역사문화공원(DDP),"289,094","272,206","39,209","35,271"
Sep-20,4호선,109,충무로,"474,820","495,630","85,298","85,196"
Sep-20,4호선,110,명동,"335,442","355,836","37,766","38,178"
Sep-20,4호선,111,회현(남대문시장),"378,123","404,282","108,686","108,245"
Sep-20,4호선,112,서울역,"197,323","282,003","27,570","29,664"
Sep-20,4호선,113,숙대입구(갈월),"241,831","238,421","38,459","35,983"
Sep-20,4호선,114,삼각지,"80,961","90,884","16,846","17,358"
Sep-20,4호선,115,신용산,"280,838","300,060","36,237","36,073"
Sep-20,4호선,116,이촌(국립중앙박물관),"120,262","138,886","29,626","32,632"
Sep-20,4호선,117,동작(현충원),"42,321","44,512","19,919","19,245"
Sep-20,4호선,118,총신대입구(이수),"325,011","357,660","107,622","113,684"
Sep-20,4호선,119,사당,"477,879","404,027","56,817","54,491"
Sep-20,4호선,120,남태령,"19,751","16,321","6,280","5,961"
Sep-20,4호선,95,당고개,"225,706","202,925","68,733","68,511"
Sep-20,4호선,96,상계,"352,434","321,319","87,097","84,820"
Sep-20,4호선,97,노원,"357,281","409,626","62,055","61,080"
Sep-20,4호선,98,창동,"452,838","483,800","144,915","151,099"
Sep-20,4호선,99,쌍문,"565,021","503,107","115,673","114,075"
Sep-20,경부선,121,서울역,"90,923","26,723","5,768","1,418"
Sep-20,경부선,122,남영,"183,112","191,337","27,952","29,212"
Sep-20,경부선,123,용산,"619,405","645,820","83,980","83,218"
Sep-20,경부선,124,노량진,"161,190","162,867","28,389","27,427"
Sep-20,경부선,125,대방,"237,296","241,655","46,839","46,258"
Sep-20,경부선,126,영등포,"728,234","759,419","152,955","151,723"
Sep-20,경부선,127,신도림,"74,383","72,467","19,290","20,909"
Sep-20,경부선,151,신길,"184,247","150,585","31,122","28,611"
Sep-20,경부선,249,구로,"373,629","383,799","71,853","69,703"
Sep-20,경부선,250,가산디지털단지,"345,466","412,293","24,941","27,096"
Sep-20,경부선,251,금천구청,"206,598","203,322","56,200","56,701"
Sep-20,경부선,252,석수,"197,501","172,807","36,318","34,917"
Sep-20,경부선,253,관악,"132,547","121,637","37,661","35,699"
Sep-20,경부선,254,안양,"415,857","415,220","78,328","82,266"
Sep-20,경부선,255,명학,"170,569","168,249","31,811","30,687"
Sep-20,경부선,256,금정,"501,207","513,786","78,221","80,510"
Sep-20,경부선,257,군포,"146,644","144,854","27,941","27,189"
Sep-20,경부선,258,의왕,"164,558","162,854","32,231","32,117"
Sep-20,경부선,259,성균관대,"275,374","269,864","35,474","35,917"
Sep-20,경부선,260,화서,"134,829","129,913","28,010","27,573"
Sep-20,경부선,261,수원,"701,870","753,012","96,093","100,075"
Sep-20,경부선,262,독산,"319,405","337,567","49,304","50,801"
Sep-20,경부선,263,세류,"59,439","56,765","10,938","10,669"
Sep-20,경부선,264,병점,"261,548","259,239","39,632","39,237"
Sep-20,경부선,265,세마,"46,620","42,657","10,201","9,420"
Sep-20,경부선,266,오산대,"58,960","54,816","11,076","10,548"
Sep-20,경부선,267,오산,"187,620","185,735","30,253","31,418"
Sep-20,경부선,268,진위,"30,231","26,837","5,794","5,356"
Sep-20,경부선,269,송탄,"84,955","79,093","14,993","14,588"
Sep-20,경부선,270,서정리,"114,078","111,297","19,113","18,765"
Sep-20,경부선,271,지제,"52,828","48,906","6,302","5,718"
Sep-20,경부선,272,평택,"228,780","226,584","42,796","41,644"
Sep-20,경부선,273,성환,"74,388","73,405","14,860","15,245"
Sep-20,경부선,274,직산,"13,511","13,951","3,250","3,146"
Sep-20,경부선,275,두정,"104,836","106,061","13,826","14,169"
Sep-20,경부선,276,천안,"91,078","93,795","33,318","33,728"
Sep-20,경부선,277,당정,"116,627","111,593","20,889","20,193"
Sep-20,경부선,278,서동탄,"28,469","23,684","6,679","6,497"
Sep-20,경부선,279,광명,"60,936","53,631","5,722","5,430"
Sep-20,경인선,293,개봉,"386,419","390,711","111,138","116,276"
Sep-20,경인선,294,오류동,"207,679","192,014","64,511","62,943"
Sep-20,경인선,295,역곡,"509,029","501,683","109,236","111,389"
Sep-20,경인선,296,부천,"622,028","628,835","151,901","154,445"
Sep-20,경인선,297,송내,"534,498","533,689","85,876","84,733"
Sep-20,경인선,298,부평,"585,619","633,209","98,226","100,373"
Sep-20,경인선,299,백운,"123,444","121,095","43,547","44,569"
Sep-20,경인선,300,동암,"297,236","298,696","69,351","69,762"
Sep-20,경인선,301,주안,"371,215","337,847","62,078","56,447"
Sep-20,경인선,302,제물포,"181,526","170,948","44,901","44,512"
Sep-20,경인선,303,동인천,"241,338","229,618","82,439","79,934"
Sep-20,경인선,304,인천,"57,510","41,351","28,196","25,342"
Sep-20,경인선,305,구일,"109,599","111,935","30,188","30,260"
Sep-20,경인선,306,소사,"174,305","167,004","48,912","47,995"
Sep-20,경인선,307,부개,"149,229","138,980","45,321","44,491"
Sep-20,경인선,308,간석,"99,559","95,216","31,915","30,735"
Sep-20,경인선,309,도원,"47,930","48,113","23,373","24,619"
Sep-20,경인선,310,온수(성공회대입구),"118,363","114,565","35,680","34,872"
Sep-20,경인선,311,중동,"160,439","150,651","49,044","49,085"
Sep-20,경인선,312,도화,"59,245","52,482","26,454","25,395"
Sep-20,경원선,128,이촌(국립중앙박물관),"68,818","50,044","19,349","16,138"
Sep-20,경원선,129,서빙고,"31,996","27,790","11,220","10,393"
Sep-20,경원선,130,한남,"74,616","70,194","22,489","20,971"
Sep-20,경원선,131,옥수,939,690,94,74
Sep-20,경원선,132,응봉,"28,744","24,384","12,762","11,264"
Sep-20,경원선,133,왕십리(성동구청),"268,168","308,843","44,755","49,572"
Sep-20,경원선,134,청량리(서울시립대입구),"215,244","241,744","110,519","117,462"
Sep-20,경원선,136,외대앞,"135,635","130,538","37,675","37,526"
Sep-20,경원선,137,신이문,"149,148","134,888","52,625","51,630"
Sep-20,경원선,138,석계,"146,721","168,141","47,939","51,235"
Sep-20,경원선,139,광운대,"142,114","133,418","41,248","40,055"
Sep-20,경원선,140,월계,"95,912","89,609","46,409","44,506"
Sep-20,경원선,141,녹천,"78,910","64,611","29,457","26,872"
Sep-20,경원선,142,창동,6,0,0,0
Sep-20,경원선,358,방학,"141,662","138,236","80,611","80,426"
Sep-20,경원선,359,도봉,"89,107","83,932","55,944","55,480"
Sep-20,경원선,360,도봉산,"120,673","63,509","86,470","68,925"
Sep-20,경원선,361,망월사,"115,746","118,942","52,546","53,951"
Sep-20,경원선,362,회룡,"180,206","176,625","102,965","102,735"
Sep-20,경원선,363,의정부,"336,670","348,227","79,829","80,827"
Sep-20,경원선,364,가능,"110,725","105,744","42,804","42,265"
Sep-20,경원선,365,녹양,"77,734","74,738","27,170","26,392"
Sep-20,경원선,366,양주,"136,609","127,737","42,581","41,960"
Sep-20,경원선,367,덕계,"45,474","40,203","14,428","14,194"
Sep-20,경원선,368,덕정,"101,489","99,547","26,364","26,620"
Sep-20,경원선,369,지행,"110,386","109,515","31,680","31,249"
Sep-20,경원선,370,동두천중앙,"46,762","45,193","26,373","26,854"
Sep-20,경원선,371,보산,"26,600","24,638","10,940","10,401"
Sep-20,경원선,372,동두천,"27,872","32,786","16,245","21,463"
Sep-20,경원선,373,소요산,"27,144","21,789","58,795","52,282"
Sep-20,안산선,280,산본,"289,849","312,969","66,002","67,210"
Sep-20,안산선,281,대야미,"93,978","82,982","23,509","22,042"
Sep-20,안산선,282,반월,"80,206","76,109","22,280","22,059"
Sep-20,안산선,283,상록수,"339,889","333,160","52,981","53,734"
Sep-20,안산선,284,한대앞,"155,634","154,903","31,657","32,469"
Sep-20,안산선,285,중앙,"316,528","336,173","37,261","36,619"
Sep-20,안산선,286,고잔,"160,121","154,863","24,650","23,705"
Sep-20,안산선,287,초지,"84,573","86,458","10,988","11,545"
Sep-20,안산선,288,안산,"265,909","243,917","29,069","26,268"
Sep-20,안산선,289,신길온천,"30,909","28,143","8,148","7,922"
Sep-20,안산선,290,정왕,"170,494","180,229","18,233","19,783"
Sep-20,안산선,291,오이도,"177,310","174,111","28,228","28,049"
Sep-20,안산선,292,수리산,"73,339","57,671","24,202","22,646"
Sep-20,과천선,230,선바위,"167,406","145,437","24,761","24,516"
Sep-20,과천선,231,경마공원,"19,971","19,915","6,563","6,521"
Sep-20,과천선,232,대공원,"35,161","38,489","28,124","28,998"
Sep-20,과천선,233,과천,"87,920","76,911","24,474","23,367"
Sep-20,과천선,234,정부과천청사,"163,205","162,744","32,938","32,511"
Sep-20,과천선,235,인덕원,"446,584","456,876","70,257","72,503"
Sep-20,과천선,236,평촌,"335,232","333,226","44,734","44,900"
Sep-20,과천선,237,범계,"478,778","468,779","68,912","67,442"
Sep-20,분당선,143,선릉,"240,954","367,317","29,743","38,255"
Sep-20,분당선,144,한티,"252,570","268,886","45,130","45,822"
Sep-20,분당선,145,도곡,"111,231","112,025","28,381","27,776"
Sep-20,분당선,146,구룡,"27,977","27,249","9,058","9,011"
Sep-20,분당선,147,개포동,"58,788","61,232","14,351","14,449"
Sep-20,분당선,148,대모산입구,"57,044","51,650","20,866","20,490"
Sep-20,분당선,149,수서,"242,633","255,712","43,715","44,905"
Sep-20,분당선,150,복정,7,0,0,0
Sep-20,분당선,313,수원,"159,994","121,071","22,804","18,606"
Sep-20,분당선,314,서울숲,"189,679","192,978","19,631","18,772"
Sep-20,분당선,315,압구정로데오,"345,308","394,981","32,727","31,322"
Sep-20,분당선,316,강남구청,"167,042","195,667","26,164","28,666"
Sep-20,분당선,317,선정릉,"148,930","160,492","18,680","17,771"
Sep-20,분당선,318,가천대,"132,047","151,575","18,858","19,891"
Sep-20,분당선,319,태평,"246,503","231,519","67,361","70,342"
Sep-20,분당선,320,모란,"345,018","338,372","127,272","138,362"
Sep-20,분당선,321,야탑,"444,504","473,597","97,907","97,845"
Sep-20,분당선,322,서현,"436,258","449,257","81,583","78,493"
Sep-20,분당선,323,수내,"223,999","225,302","50,427","48,738"
Sep-20,분당선,324,정자,"292,222","307,417","45,266","44,337"
Sep-20,분당선,325,미금,"258,228","276,709","71,878","76,171"
Sep-20,분당선,326,오리,"202,769","170,762","53,044","46,725"
Sep-20,분당선,327,이매,"88,957","83,224","26,995","25,843"
Sep-20,분당선,328,보정,"37,976","31,406","12,892","12,317"
Sep-20,분당선,329,죽전,"243,717","268,329","45,575","48,488"
Sep-20,분당선,330,구성,"80,346","83,935","23,397","23,548"
Sep-20,분당선,331,신갈,"75,238","73,842","17,793","17,978"
Sep-20,분당선,332,기흥,"173,179","164,740","27,813","27,660"
Sep-20,분당선,333,상갈,"93,518","89,537","20,381","19,708"
Sep-20,분당선,334,청명,"76,300","71,448","12,772","12,835"
Sep-20,분당선,335,영통,"151,145","155,233","18,907","18,993"
Sep-20,분당선,336,망포,"260,595","246,078","24,103","23,380"
Sep-20,분당선,337,매탄권선,"86,086","81,350","12,507","12,023"
Sep-20,분당선,338,수원시청,"223,941","246,316","27,091","27,426"
Sep-20,분당선,339,매교,"45,333","46,239","11,783","12,147"
Sep-20,일산선,374,원흥,"164,963","155,265","39,766","39,063"
Sep-20,일산선,375,지축,1,0,0,0
Sep-20,일산선,376,삼송,"328,910","318,723","70,074","70,235"
Sep-20,일산선,377,원당,"192,813","182,056","59,498","58,409"
Sep-20,일산선,378,화정,"288,484","299,379","81,999","84,106"
Sep-20,일산선,379,대곡,"31,422","22,991","9,890","9,419"
Sep-20,일산선,380,백석,"170,691","174,238","52,931","52,410"
Sep-20,일산선,381,마두,"113,213","118,335","44,784","46,406"
Sep-20,일산선,382,정발산,"123,863","129,455","33,193","31,232"
Sep-20,일산선,383,주엽,"128,654","129,471","58,163","59,928"
Sep-20,일산선,384,대화,"232,549","179,602","55,495","51,090"
Sep-20,중앙선,135,회기,"434,319","411,967","93,152","90,911"
Sep-20,중앙선,152,중랑,"93,217","87,387","38,467","37,736"
Sep-20,중앙선,153,상봉(시외버스터미널),"109,210","107,387","31,593","30,422"
Sep-20,중앙선,154,망우,"125,074","120,649","53,850","54,255"
Sep-20,중앙선,155,양원,"25,960","27,021","11,858","11,991"
Sep-20,중앙선,156,구리,"242,857","246,918","60,577","61,012"
Sep-20,중앙선,157,도농,"176,475","160,159","43,887","42,784"
Sep-20,중앙선,158,양정,"13,425","11,774","7,499","6,971"
Sep-20,중앙선,159,덕소,"97,133","95,902","35,780","36,010"
Sep-20,중앙선,160,도심,"42,476","31,882","14,359","13,359"
Sep-20,중앙선,161,팔당,"21,239","21,928","8,095","8,153"
Sep-20,중앙선,162,운길산,"15,774","14,081","9,797","9,501"
Sep-20,중앙선,163,양수,"30,850","31,282","16,603","16,887"
Sep-20,중앙선,164,신원,"3,622","2,598","4,363","3,876"
Sep-20,중앙선,165,국수,"10,579","10,201","6,980","7,139"
Sep-20,중앙선,166,아신,"9,450","9,446","4,511","4,400"
Sep-20,중앙선,167,오빈,"3,948","3,968","2,984","3,072"
Sep-20,중앙선,168,양평,"41,774","42,108","22,713","22,888"
Sep-20,중앙선,169,원덕,"4,381","4,371","4,569","4,466"
Sep-20,중앙선,170,용문,"23,303","24,791","26,964","27,277"
Sep-20,중앙선,171,지평,676,565,749,673
Sep-20,장항선,224,봉명,"17,266","16,707","7,486","7,244"
Sep-20,장항선,225,쌍용(나사렛대),"34,647","32,010","8,026","7,708"
Sep-20,장항선,226,아산,"52,747","49,359","7,597","7,219"
Sep-20,장항선,227,배방,"18,046","17,795","4,508","4,442"
Sep-20,장항선,228,온양온천,"53,181","54,691","29,405","30,496"
Sep-20,장항선,229,신창(순천향대),"26,624","25,426","5,277","5,097"
Sep-20,경의선,173,신촌,"13,204","16,991","2,786","2,877"
Sep-20,경의선,174,효창공원앞,"51,389","58,284","10,875","11,839"
Sep-20,경의선,176,서강대,"37,480","35,152","7,883","7,533"
Sep-20,경의선,178,가좌,"85,280","77,049","32,454","32,212"
Sep-20,경의선,180,수색,"41,847","42,324","11,045","10,769"
Sep-20,경의선,181,화전,"25,167","22,889","7,822","7,762"
Sep-20,경의선,182,강매,"53,319","44,449","13,407","12,801"
Sep-20,경의선,183,행신,"142,217","141,197","23,403","23,921"
Sep-20,경의선,184,능곡,"61,428","54,829","22,742","22,268"
Sep-20,경의선,185,곡산,"9,214","9,746","3,791","3,839"
Sep-20,경의선,186,백마,"119,710","113,886","23,040","23,008"
Sep-20,경의선,187,풍산,"93,750","88,548","22,447","21,898"
Sep-20,경의선,188,일산,"155,941","155,187","43,121","43,603"
Sep-20,경의선,189,탄현,"134,592","130,408","25,784","25,212"
Sep-20,경의선,190,야당,"103,962","99,545","22,173","21,707"
Sep-20,경의선,191,운정,"108,205","101,799","24,120","24,101"
Sep-20,경의선,192,금릉,"76,157","75,324","18,231","18,094"
Sep-20,경의선,193,금촌,"111,274","110,110","31,723","32,476"
Sep-20,경의선,194,월롱,"39,643","36,858","6,795","7,298"
Sep-20,경의선,195,파주,"21,070","14,400","6,506","5,616"
Sep-20,경의선,196,문산,"85,627","85,142","32,384","32,591"
Sep-20,경의선,197,임진강,356,250,306,331
Sep-20,경의선,198,서울역,"69,616","85,212","10,128","12,844"
Sep-20,경의선,199,공덕,"61,920","56,065","9,482","9,286"
Sep-20,경의선,200,홍대입구,"33,209","36,289","3,689","4,078"
Sep-20,경의선,201,디지털미디어시티,"44,978","43,028","7,782","7,885"
Sep-20,경의선,203,계양,4,0,0,0
Sep-20,경춘선,205,신내,"23,172","24,456","10,118","9,970"
Sep-20,경춘선,206,갈매,"51,425","43,591","14,303","13,601"
Sep-20,경춘선,207,별내,"47,058","45,442","14,634","14,185"
Sep-20,경춘선,208,퇴계원,"62,829","57,004","20,274","19,388"
Sep-20,경춘선,209,사릉,"62,810","59,590","16,562","16,454"
Sep-20,경춘선,210,금곡,"23,246","21,942","12,068","11,655"
Sep-20,경춘선,211,평내호평,"100,177","100,408","32,059","30,759"
Sep-20,경춘선,212,천마산,"24,029","22,136","13,805","14,261"
Sep-20,경춘선,213,마석,"62,240","61,020","25,136","25,349"
Sep-20,경춘선,214,대성리,"9,377","8,529","5,264","4,858"
Sep-20,경춘선,215,청평,"25,055","25,518","13,392","13,499"
Sep-20,경춘선,216,상천,"4,571","3,722","5,093","5,089"
Sep-20,경춘선,217,가평,"27,566","28,816","11,115","11,020"
Sep-20,경춘선,218,굴봉산,"1,880","1,892","2,130","2,158"
Sep-20,경춘선,219,백양리,"1,547","1,345",898,936
Sep-20,경춘선,220,강촌,"7,867","7,568","4,272","4,409"
Sep-20,경춘선,221,김유정,"4,811","5,677","2,660","2,920"
Sep-20,경춘선,222,남춘천,"38,847","40,036","15,220","15,327"
Sep-20,경춘선,223,춘천,"23,365","21,184","10,162","9,178"
Sep-20,수인선,340,고색,"29,462","29,869","5,957","5,855"
Sep-20,수인선,341,오목천,"26,684","24,463","5,233","5,430"
Sep-20,수인선,342,어천,"6,117","5,712","2,024","2,004"
Sep-20,수인선,343,야목,"2,612","2,557","1,295","1,301"
Sep-20,수인선,344,사리,"41,005","39,702","8,727","8,455"
Sep-20,수인선,345,달월,"1,229",982,865,656
Sep-20,수인선,346,월곶,"47,440","43,993","10,776","10,668"
Sep-20,수인선,347,소래포구,"89,341","88,355","50,668","50,207"
Sep-20,수인선,348,인천논현,"96,686","102,643","22,410","22,912"
Sep-20,수인선,349,호구포,"64,921","66,466","14,355","14,072"
Sep-20,수인선,350,남동인더스파크,"44,808","49,522","5,618","5,607"
Sep-20,수인선,351,원인재,"75,064","78,307","23,148","23,130"
Sep-20,수인선,352,연수,"80,840","80,508","20,420","20,215"
Sep-20,수인선,353,송도,"41,402","37,404","16,155","15,860"
Sep-20,수인선,354,인하대,"102,592","95,154","18,479","17,960"
Sep-20,수인선,355,숭의,"65,176","60,040","20,665","20,108"
Sep-20,수인선,356,신포,"28,850","29,672","9,599","9,844"
Sep-20,수인선,357,인천,"14,834","28,800","11,496","14,100"
Sep-20,경강선,238,판교,"82,587","80,468","8,983","7,960"
Sep-20,경강선,239,이매,"18,830","15,535","4,411","3,997"
Sep-20,경강선,240,삼동,"41,234","37,204","8,206","7,839"
Sep-20,경강선,241,경기광주,"132,896","126,022","19,726","20,404"
Sep-20,경강선,242,초월,"55,500","53,180","9,274","9,199"
Sep-20,경강선,243,곤지암,"37,829","39,098","8,434","8,875"
Sep-20,경강선,244,신둔도예촌,"20,525","19,521","4,633","4,517"
Sep-20,경강선,245,이천,"44,797","48,299","8,719","9,072"
Sep-20,경강선,246,부발,"36,374","34,326","5,028","5,007"
Sep-20,경강선,247,세종대왕릉,"4,234","4,389","2,418","2,469"
Sep-20,경강선,248,여주,"31,944","34,523","9,878","9,933"
Sep-20,5호선,385,방화,"114,912","108,651","36,624","35,144"
Sep-20,5호선,386,개화산,"90,541","85,781","26,533","26,862"
Sep-20,5호선,387,김포공항,"129,129","129,013","20,834","22,599"
Sep-20,5호선,388,송정,"117,398","108,909","37,395","36,432"
Sep-20,5호선,389,마곡,"159,584","155,665","26,290","25,513"
Sep-20,5호선,390,발산,"334,020","348,311","60,767","58,548"
Sep-20,5호선,391,우장산,"247,648","242,498","61,273","63,945"
Sep-20,5호선,392,화곡,"533,598","489,552","104,646","99,721"
Sep-20,5호선,393,까치산,"557,703","525,407","115,607","117,597"
Sep-20,5호선,394,신정(은행정),"268,313","205,106","44,970","43,537"
Sep-20,5호선,395,목동,"313,528","345,020","59,612","60,790"
Sep-20,5호선,396,오목교(목동운동장앞),"421,927","461,903","59,219","58,899"
Sep-20,5호선,397,양평,"135,986","135,155","21,381","21,190"
Sep-20,5호선,398,영등포구청,"72,479","73,198","15,084","14,810"
Sep-20,5호선,399,영등포시장,"154,009","158,747","41,864","42,839"
Sep-20,5호선,400,신길,"74,275","80,331","8,346","8,776"
Sep-20,5호선,401,여의도,"479,847","511,308","35,798","32,997"
Sep-20,5호선,402,여의나루,"159,190","162,430","17,425","16,656"
Sep-20,5호선,403,마포,"253,993","263,680","44,006","43,225"
Sep-20,5호선,404,공덕,"259,556","281,084","30,395","28,544"
Sep-20,5호선,405,애오개,"121,642","122,476","25,870","25,210"
Sep-20,5호선,406,충정로(경기대입구),"88,514","89,626","10,676","10,826"
Sep-20,5호선,407,서대문,"315,889","323,299","44,705","41,968"
Sep-20,5호선,408,광화문(세종문화회관),"545,517","571,217","46,478","44,278"
Sep-20,5호선,409,종로3가,"178,236","176,362","66,874","72,351"
Sep-20,5호선,410,을지로4가,"91,423","96,107","36,617","37,093"
Sep-20,5호선,411,동대문역사문화공원(DDP),"52,458","61,061","6,428","6,967"
Sep-20,5호선,412,청구,"71,864","69,278","19,504","15,265"
Sep-20,5호선,413,신금호,"111,317","111,241","26,398","29,892"
Sep-20,5호선,414,행당,"144,212","128,267","36,474","32,173"
Sep-20,5호선,415,왕십리(성동구청),"83,207","94,139","17,208","16,626"
Sep-20,5호선,416,마장,"100,086","92,759","30,882","30,432"
Sep-20,5호선,417,답십리,"297,650","268,503","57,260","55,712"
Sep-20,5호선,418,장한평,"335,709","329,739","61,380","61,758"
Sep-20,5호선,419,군자(능동),"219,606","237,743","28,207","28,170"
Sep-20,5호선,420,아차산(어린이대공원후문),"260,800","257,716","70,063","68,667"
Sep-20,5호선,421,광나루(장신대),"240,052","217,627","48,919","47,102"
Sep-20,5호선,422,천호(풍납토성),"325,556","325,567","88,112","92,373"
Sep-20,5호선,423,강동,"357,668","327,282","70,729","67,326"
Sep-20,5호선,424,길동,"124,789","130,304","46,959","48,751"
Sep-20,5호선,425,굽은다리(강동구민회관앞),"160,724","151,955","46,183","42,948"
Sep-20,5호선,426,명일,"138,507","141,847","41,697","43,967"
Sep-20,5호선,427,고덕,"150,437","147,815","38,968","38,659"
Sep-20,5호선,428,상일동,"277,978","241,992","59,727","55,812"
Sep-20,5호선,429,둔촌동,"138,631","139,071","42,775","43,680"
Sep-20,5호선,430,올림픽공원(한국체대),"70,445","60,575","21,661","19,202"
Sep-20,5호선,431,방이,"118,257","122,614","30,530","29,794"
Sep-20,5호선,432,오금,"69,583","68,239","14,169","13,546"
Sep-20,5호선,433,개롱,"107,500","111,978","30,562","31,863"
Sep-20,5호선,434,거여,"136,337","127,772","39,734","39,062"
Sep-20,5호선,435,마천,"92,864","91,832","39,056","40,826"
Sep-20,5호선,436,미사,"213,525","213,535","34,433","34,746"
Sep-20,5호선,437,하남풍산,"79,375","80,432","16,687","18,297"
Sep-20,6호선,438,응암,"313,817","308,216","86,036","84,718"
Sep-20,6호선,439,역촌,"62,342","76,060","24,515","23,525"
Sep-20,6호선,440,불광,"78,067","83,478","31,129","26,476"
Sep-20,6호선,441,독바위,"50,334","52,821","15,192","19,250"
Sep-20,6호선,442,연신내,16,0,1,0
Sep-20,6호선,443,구산,"128,435","86,898","33,082","37,189"
Sep-20,6호선,444,새절(신사),"228,254","209,654","63,375","63,910"
Sep-20,6호선,445,증산(명지대앞),"178,840","171,568","52,881","53,180"
Sep-20,6호선,446,디지털미디어시티,"254,369","276,315","39,286","39,896"
Sep-20,6호선,447,월드컵경기장(성산),"76,003","82,321","48,422","46,997"
Sep-20,6호선,448,마포구청,"259,095","227,031","54,224","48,944"
Sep-20,6호선,449,망원,"261,364","289,002","64,757","67,652"
Sep-20,6호선,450,합정,"260,313","254,979","27,794","25,740"
Sep-20,6호선,451,상수,"153,330","176,928","15,852","15,956"
Sep-20,6호선,452,광흥창(서강),"157,896","150,594","31,051","30,578"
Sep-20,6호선,453,대흥(서강대앞),"139,264","143,930","31,921","31,358"
Sep-20,6호선,454,공덕,"337,892","329,747","53,540","50,185"
Sep-20,6호선,455,효창공원앞,"129,614","114,246","30,064","28,090"
Sep-20,6호선,456,삼각지,"107,832","92,537","11,005","8,900"
Sep-20,6호선,457,녹사평(용산구청),"95,294","94,869","14,027","13,299"
Sep-20,6호선,458,이태원,"183,197","193,171","22,778","23,585"
Sep-20,6호선,459,한강진,"147,474","174,250","11,846","11,358"
Sep-20,6호선,460,버티고개,"39,906","36,864","10,849","12,867"
Sep-20,6호선,461,약수,"62,545","62,216","17,166","16,402"
Sep-20,6호선,462,청구,"71,927","73,797","14,490","17,099"
Sep-20,6호선,463,신당,"149,857","162,163","25,687","24,316"
Sep-20,6호선,464,동묘앞,"136,741","141,228","52,859","48,393"
Sep-20,6호선,465,창신,"64,919","51,506","14,139","13,091"
Sep-20,6호선,466,보문,"142,469","128,929","21,588","21,090"
Sep-20,6호선,467,안암(고대병원앞),"191,710","191,430","25,074","23,460"
Sep-20,6호선,468,고려대(종암),"152,238","144,401","24,167","24,308"
Sep-20,6호선,469,월곡(동덕여대),"195,678","190,433","53,607","53,135"
Sep-20,6호선,470,상월곡(한국과학기술연구원),"110,696","95,001","29,433","28,651"
Sep-20,6호선,471,돌곶이,"151,639","138,334","38,680","38,252"
Sep-20,6호선,472,석계,"226,303","229,669","55,780","56,490"
Sep-20,6호선,473,태릉입구,"99,562","109,207","21,117","22,473"
Sep-20,6호선,474,화랑대(서울여대입구),"215,680","166,363","32,927","29,278"
Sep-20,6호선,475,봉화산(서울의료원),"165,294","149,298","35,466","34,501"
Sep-20,6호선,476,신내,5,0,0,0
Sep-20,7호선,477,장암,"48,749","19,443","8,492","6,027"
Sep-20,7호선,478,도봉산,"177,535","207,481","35,323","51,629"
Sep-20,7호선,479,수락산,"228,867","227,375","67,858","68,500"
Sep-20,7호선,480,마들,"212,988","200,064","60,596","60,231"
Sep-20,7호선,481,노원,"341,368","366,889","83,056","84,579"
Sep-20,7호선,482,중계,"253,115","223,786","63,748","61,300"
Sep-20,7호선,483,하계,"318,195","298,414","71,557","68,311"
Sep-20,7호선,484,공릉(서울과학기술대),"211,217","209,030","49,981","50,194"
Sep-20,7호선,485,태릉입구,"154,172","143,063","29,956","27,611"
Sep-20,7호선,486,먹골,"186,860","178,871","46,008","46,202"
Sep-20,7호선,487,중화,"207,526","200,138","47,263","47,211"
Sep-20,7호선,488,상봉(시외버스터미널),"335,522","316,592","52,154","50,392"
Sep-20,7호선,489,면목,"287,859","276,132","70,940","73,280"
Sep-20,7호선,490,사가정,"303,564","300,643","74,117","73,409"
Sep-20,7호선,491,용마산(용마폭포공원),"112,665","106,721","26,843","29,126"
Sep-20,7호선,492,중곡,"182,655","166,924","42,222","43,129"
Sep-20,7호선,493,군자(능동),"273,429","211,512","51,904","46,593"
Sep-20,7호선,494,어린이대공원(세종대),"234,848","225,564","27,639","26,913"
Sep-20,7호선,495,건대입구,"240,763","251,832","36,345","32,347"
Sep-20,7호선,496,뚝섬유원지,"168,112","163,790","30,231","30,771"
Sep-20,7호선,497,청담,"371,415","415,364","51,228","49,049"
Sep-20,7호선,498,강남구청,"310,411","347,829","33,394","33,299"
Sep-20,7호선,499,학동,"462,368","497,820","42,733","39,694"
Sep-20,7호선,500,논현,"394,979","431,983","38,110","37,606"
Sep-20,7호선,501,반포,"111,091","107,645","24,481","23,264"
Sep-20,7호선,502,고속터미널,"282,684","248,643","46,041","40,482"
Sep-20,7호선,503,내방,"270,521","274,730","47,880","45,851"
Sep-20,7호선,504,이수,"295,146","290,807","52,679","50,780"
Sep-20,7호선,505,남성,"209,359","190,209","48,929","48,736"
Sep-20,7호선,506,숭실대입구(살피재),"227,079","226,246","40,850","41,959"
Sep-20,7호선,507,상도,"198,103","188,495","40,686","39,099"
Sep-20,7호선,508,장승배기,"176,292","168,333","50,260","50,653"
Sep-20,7호선,509,신대방삼거리,"313,709","294,346","63,906","66,216"
Sep-20,7호선,510,보라매,"188,780","185,660","31,380","30,145"
Sep-20,7호선,511,신풍,"211,254","197,057","46,133","47,087"
Sep-20,7호선,512,대림(구로구청),"178,609","179,322","25,259","24,392"
Sep-20,7호선,513,남구로,"323,909","345,316","44,750","44,881"
Sep-20,7호선,514,가산디지털단지,"903,567","907,667","64,811","61,662"
Sep-20,7호선,515,철산,"416,589","425,256","70,249","70,079"
Sep-20,7호선,516,광명사거리,"429,769","421,290","116,589","120,961"
Sep-20,7호선,517,천왕,"197,509","184,102","40,791","40,026"
Sep-20,7호선,518,온수(성공회대입구),"209,073","192,481","30,147","28,756"
Sep-20,7호선,519,까치울,"150,755","145,108","20,653","20,906"
Sep-20,7호선,520,부천종합운동장,"86,800","73,976","14,135","14,022"
Sep-20,7호선,521,춘의,"192,929","189,806","24,492","23,648"
Sep-20,7호선,522,신중동,"276,061","275,630","37,459","35,872"
Sep-20,7호선,523,부천시청,"236,443","235,438","39,316","37,916"
Sep-20,7호선,524,상동,"241,307","251,077","34,768","34,762"
Sep-20,7호선,525,삼산체육관,"86,222","77,309","16,545","16,219"
Sep-20,7호선,526,굴포천,"169,377","177,566","24,543","24,955"
Sep-20,7호선,527,부평구청,"235,181","193,317","21,730","18,863"
Sep-20,8호선,528,암사,"346,089","300,557","74,566","73,615"
Sep-20,8호선,529,천호(풍납토성),"295,805","343,383","60,444","56,605"
Sep-20,8호선,530,강동구청,"181,807","190,380","44,191","44,841"
Sep-20,8호선,531,몽촌토성(평화의문),"98,637","103,848","21,445","20,449"
Sep-20,8호선,532,잠실(송파구청),"257,533","297,279","45,274","43,117"
Sep-20,8호선,533,석촌,"132,098","155,982","35,071","36,836"
Sep-20,8호선,534,송파,"146,142","142,874","38,081","37,859"
Sep-20,8호선,535,가락시장,"130,201","150,156","53,367","55,918"
Sep-20,8호선,536,문정,"404,367","424,988","41,173","40,955"
Sep-20,8호선,537,장지,"332,256","325,280","52,224","49,938"
Sep-20,8호선,538,복정,"193,498","167,489","30,631","28,072"
Sep-20,8호선,539,산성,"124,974","121,239","30,922","34,083"
Sep-20,8호선,540,남한산성입구(성남법원.검찰청),"245,110","219,861","60,228","58,073"
Sep-20,8호선,541,단대오거리,"176,048","166,678","50,428","48,197"
Sep-20,8호선,542,신흥,"73,620","78,687","29,303","30,688"
Sep-20,8호선,543,수진,"84,283","74,601","32,189","31,905"
Sep-20,8호선,544,모란,"62,291","48,007","40,874","31,443"
Sep-20,9호선,601,개화,"48,262","35,542","10,524","8,942"
Sep-20,9호선,602,김포공항,"153,075","224,445","12,122","14,150"
Sep-20,9호선,603,공항시장,"47,161","51,442","17,590","19,183"
Sep-20,9호선,604,신방화,"117,114","113,049","31,927","31,784"
Sep-20,9호선,605,마곡나루(서울식물원),"207,181","208,616","18,658","18,092"
Sep-20,9호선,606,양천향교,"169,114","172,827","32,455","32,163"
Sep-20,9호선,607,가양,"353,358","342,966","92,444","90,135"
Sep-20,9호선,608,증미,"126,718","126,941","33,630","34,138"
Sep-20,9호선,609,등촌,"176,658","172,788","58,325","59,233"
Sep-20,9호선,610,염창,"322,664","313,643","49,284","48,576"
Sep-20,9호선,611,신목동,"68,269","60,736","13,840","13,040"
Sep-20,9호선,612,선유도,"140,727","136,946","18,319","17,624"
Sep-20,9호선,613,당산,"345,741","340,572","44,649","40,623"
Sep-20,9호선,614,국회의사당,"286,370","293,634","28,592","24,834"
Sep-20,9호선,615,여의도,"438,847","424,358","28,900","26,507"
Sep-20,9호선,616,샛강,"94,178","99,745","16,666","16,269"
Sep-20,9호선,617,노량진,"464,306","455,310","69,187","69,707"
Sep-20,9호선,618,노들,"77,684","65,207","22,802","20,874"
Sep-20,9호선,619,흑석(중앙대입구),"134,840","140,806","37,322","37,441"
Sep-20,9호선,620,동작(현충원),"32,750","25,431","6,916","5,803"
Sep-20,9호선,621,구반포,"43,219","44,918","14,357","14,547"
Sep-20,9호선,622,신반포,"48,932","48,783","12,583","12,425"
Sep-20,9호선,623,고속터미널,"215,759","294,445","35,050","40,020"
Sep-20,9호선,624,사평,"52,430","50,917","12,028","12,230"
Sep-20,9호선,625,신논현,"599,905","606,781","42,277","39,119"
Sep-20,공항철도 1호선,639,서울역,"127,852","120,137","21,629","19,945"
Sep-20,공항철도 1호선,640,공덕,"41,456","52,138","4,736","5,393"
Sep-20,공항철도 1호선,641,홍대입구,"175,241","175,507","12,021","11,468"
Sep-20,공항철도 1호선,642,디지털미디어시티,"251,648","228,016","15,680","14,558"
Sep-20,공항철도 1호선,643,마곡나루(서울식물원),"143,576","135,549","7,975","7,866"
Sep-20,공항철도 1호선,644,김포공항,"208,899","128,304","13,348","9,431"
Sep-20,공항철도 1호선,645,계양,"188,788","174,201","18,415","17,302"
Sep-20,공항철도 1호선,646,검암,"147,686","146,458","13,311","13,559"
Sep-20,공항철도 1호선,647,청라국제도시,"129,337","120,989","8,116","7,954"
Sep-20,공항철도 1호선,648,운서,"125,239","124,033","18,529","18,476"
Sep-20,공항철도 1호선,649,공항화물청사,"47,287","52,689","7,398","7,494"
Sep-20,공항철도 1호선,650,인천공항1터미널,"76,127","80,564","11,084","11,139"
Sep-20,공항철도 1호선,651,인천공항2터미널,"43,375","40,907","4,796","4,333"
Sep-20,공항철도 1호선,652,영종,"52,452","53,507","13,530","13,577"
Sep-20,9호선2~3단계,626,언주,"187,049","187,455","18,717","18,391"
Sep-20,9호선2~3단계,627,선정릉,"178,835","191,714","15,052","15,437"
Sep-20,9호선2~3단계,628,삼성중앙,"120,928","125,373","15,573","15,070"
Sep-20,9호선2~3단계,629,봉은사,"283,074","285,946","26,204","24,684"
Sep-20,9호선2~3단계,630,종합운동장,"74,731","72,940","11,324","10,546"
Sep-20,9호선2~3단계,631,삼전,"117,387","113,584","23,805","23,270"
Sep-20,9호선2~3단계,632,석촌고분,"99,749","97,641","21,718","21,530"
Sep-20,9호선2~3단계,633,석촌,"144,983","126,232","21,085","18,561"
Sep-20,9호선2~3단계,634,송파나루,"76,489","80,881","16,967","17,485"
Sep-20,9호선2~3단계,635,한성백제,"41,496","36,725","9,686","8,887"
Sep-20,9호선2~3단계,636,올림픽공원(한국체대),"105,645","104,431","13,399","13,460"
Sep-20,9호선2~3단계,637,둔촌오륜,"18,415","16,355","4,072","4,121"
Sep-20,9호선2~3단계,638,중앙보훈병원,"144,872","122,838","55,021","54,542"
Sep-20,우이신설선,696,북한산우이,"43,417","39,325","26,078","27,508"
Sep-20,우이신설선,697,솔밭공원,"32,745","30,529","21,576","22,694"
Sep-20,우이신설선,698,4.19민주묘지,"37,894","37,524","27,137","24,332"
Sep-20,우이신설선,699,가오리,"56,883","54,748","32,940","34,259"
Sep-20,우이신설선,700,화계,"45,914","41,041","29,784","30,133"
Sep-20,우이신설선,701,삼양,"25,449","26,815","20,365","22,668"
Sep-20,우이신설선,702,삼양사거리,"28,146","28,819","27,034","27,742"
Sep-20,우이신설선,703,솔샘,"95,595","86,303","26,979","27,811"
Sep-20,우이신설선,704,북한산보국문,"99,639","91,881","30,094","30,726"
Sep-20,우이신설선,705,정릉,"66,493","60,047","33,930","31,834"
Sep-20,우이신설선,706,성신여대입구(돈암),"46,336","54,482","21,089","20,451"
Sep-20,우이신설선,707,보문,"22,872","22,644","11,509","11,968"
Sep-20,우이신설선,708,신설동,"30,836","31,742","19,293","17,142"
